{"cameraMode":{"drawMode":0,"name":"Shaded","section":"Shading Mode"},"sceneLighting":true,"audioPlay":false,"sceneViewState":{"m_AlwaysRefresh":false,"showFog":true,"showSkybox":true,"showFlares":true,"showImageEffects":true,"showParticleSystems":true,"showVisualEffectGraphs":true,"m_FxEnabled":true},"in2DMode":false,"pivot":{"x":3.175238847732544,"y":-0.37540245056152346,"z":-0.46408331394195559},"rotation":{"x":0.6711427569389343,"y":0.01334136538207531,"z":-0.012081878259778023,"w":0.7411067485809326},"size":9.301628112792969,"orthographic":false}